MMM,https://www.sec.gov/Archives/edgar/data/66740/000155837018005773/mmm-20180630x10q.htm
ABT,https://www.sec.gov/Archives/edgar/data/1800/000110465918048736/a18-14086_110q.htm
ABBV,https://www.sec.gov/Archives/edgar/data/1551152/000155115218000032/abbv-20180630x10q.htm
ABMD,https://www.sec.gov/Archives/edgar/data/815094/000156459018018814/abmd-10q_20180630.htm
ACN,https://www.sec.gov/Archives/edgar/data/1467373/000146737318000228/acn2018053110-q.htm
ATVI,https://www.sec.gov/Archives/edgar/data/718877/000110465918049238/a18-14094_110q.htm
ADBE,https://www.sec.gov/Archives/edgar/data/796343/000079634318000134/adbe10qq218.htm
AMD,https://www.sec.gov/Archives/edgar/data/2488/000000248818000128/amd0630201810q.htm
AAP,https://www.sec.gov/Archives/edgar/data/1158449/000115844918000160/aap_10q7142018.htm
AES,https://www.sec.gov/Archives/edgar/data/874761/000087476118000054/q22018form10-q.htm
AET,https://www.sec.gov/Archives/edgar/data/1122304/000112230418000122/form10-q.htm
AMG,https://www.sec.gov/Archives/edgar/data/1004434/000100443418000016/amg_06302018x10q.htm
AFL,https://www.sec.gov/Archives/edgar/data/4977/000000497718000114/afl6301810q.htm
A,https://www.sec.gov/Archives/edgar/data/1090872/000109087218000015/a-07312018x10q.htm
APD,https://www.sec.gov/ix?doc=/Archives/edgar/data/2969/000000296918000034/apd-10qx30jun2018.htm
AKAM,https://www.sec.gov/Archives/edgar/data/1086222/000108622218000189/akam10q6302018.htm
ALK,https://www.sec.gov/Archives/edgar/data/766421/000076642118000047/alk10-q22018.htm
ALB,https://www.sec.gov/Archives/edgar/data/915913/000091591318000039/a0630201810q.htm
ARE,https://www.sec.gov/Archives/edgar/data/1035443/000103544318000158/a2q1810q.htm
ALXN,https://www.sec.gov/Archives/edgar/data/899866/000089986618000121/alxn6301810q.htm
ALGN,https://www.sec.gov/Archives/edgar/data/1097149/000109714918000029/algn-20180630.htm
ALLE,https://www.sec.gov/Archives/edgar/data/1579241/000157924118000030/alle-10qx06302018xdoc.htm
AGN,https://www.sec.gov/Archives/edgar/data/1578845/000156459018018996/agn-10q_20180630.htm
ADS,https://www.sec.gov/Archives/edgar/data/1101215/000110121518000178/ads-20180630x10q.htm
LNT,https://www.sec.gov/Archives/edgar/data/52485/000035254118000078/lnt630201810-q.htm
ALL,https://www.sec.gov/Archives/edgar/data/899051/000089905118000044/allcorp-6301810xq.htm
GOOGL,https://www.sec.gov/Archives/edgar/data/1652044/000165204418000027/goog10-qq22018.htm
GOOG,https://www.sec.gov/Archives/edgar/data/1652044/000165204418000027/goog10-qq22018.htm
MO,https://www.sec.gov/Archives/edgar/data/764180/000076418018000072/a2018form10qq22018.htm
AMZN,https://www.sec.gov/Archives/edgar/data/1018724/000101872418000108/amzn-20180630x10q.htm
AEE,https://www.sec.gov/Archives/edgar/data/18654/000100291018000135/aee-2018q2.htm
AAL,https://www.sec.gov/Archives/edgar/data/4515/000000620118000027/aalq210-q063018.htm
AEP,https://www.sec.gov/Archives/edgar/data/4904/000000490418000039/aep20182q10q.htm
AXP,https://www.sec.gov/Archives/edgar/data/4962/000000496218000095/axpq21810q.htm
AIG,https://www.sec.gov/Archives/edgar/data/5272/000000527218000037/maindocument001.htm
AMT,https://www.sec.gov/Archives/edgar/data/1053507/000105350718000038/amt10qq22018.htm
AWK,https://www.sec.gov/Archives/edgar/data/1410636/000141063618000143/a630201810-qdocument.htm
AMP,https://www.sec.gov/Archives/edgar/data/820027/000082002718000055/amp06302018.htm
ABC,https://www.sec.gov/Archives/edgar/data/1140859/000114085918000031/a10-qxq32018.htm
AME,https://www.sec.gov/Archives/edgar/data/1037868/000119312518236366/d557944d10q.htm
AMGN,https://www.sec.gov/Archives/edgar/data/318154/000031815418000015/amgn-2018630x10q.htm
APH,https://www.sec.gov/Archives/edgar/data/820313/000155837018005948/aph-20180630x10q.htm
APC,https://www.sec.gov/Archives/edgar/data/773910/000077391018000044/apc20182q-10q.htm
ADI,https://www.sec.gov/Archives/edgar/data/6281/000000628118000106/adiq310-q842018.htm
APA,https://www.sec.gov/Archives/edgar/data/6769/000173303718000006/apaq2201810q.htm
AIV,https://www.sec.gov/Archives/edgar/data/922864/000092286418000037/q2201810-q.htm
MMM,https://www.sec.gov/Archives/edgar/data/66740/000155837018005773/mmm-20180630x10q.htm
ABT,https://www.sec.gov/Archives/edgar/data/1800/000110465918048736/a18-14086_110q.htm
ABBV,https://www.sec.gov/Archives/edgar/data/1551152/000155115218000032/abbv-20180630x10q.htm
ABMD,https://www.sec.gov/Archives/edgar/data/815094/000156459018018814/abmd-10q_20180630.htm
ACN,https://www.sec.gov/Archives/edgar/data/1467373/000146737318000228/acn2018053110-q.htm
ATVI,https://www.sec.gov/Archives/edgar/data/718877/000110465918049238/a18-14094_110q.htm
ADBE,https://www.sec.gov/Archives/edgar/data/796343/000079634318000134/adbe10qq218.htm
AMD,https://www.sec.gov/Archives/edgar/data/2488/000000248818000128/amd0630201810q.htm
AAP,https://www.sec.gov/Archives/edgar/data/1158449/000115844918000160/aap_10q7142018.htm
AES,https://www.sec.gov/Archives/edgar/data/874761/000087476118000054/q22018form10-q.htm
MMM,https://www.sec.gov/Archives/edgar/data/66740/000155837018005773/mmm-20180630x10q.htm
ABT,https://www.sec.gov/Archives/edgar/data/1800/000110465918048736/a18-14086_110q.htm
ABBV,https://www.sec.gov/Archives/edgar/data/1551152/000155115218000032/abbv-20180630x10q.htm
ABMD,https://www.sec.gov/Archives/edgar/data/815094/000156459018018814/abmd-10q_20180630.htm
ACN,https://www.sec.gov/Archives/edgar/data/1467373/000146737318000228/acn2018053110-q.htm
ATVI,https://www.sec.gov/Archives/edgar/data/718877/000110465918049238/a18-14094_110q.htm
ADBE,https://www.sec.gov/Archives/edgar/data/796343/000079634318000134/adbe10qq218.htm
AMD,https://www.sec.gov/Archives/edgar/data/2488/000000248818000128/amd0630201810q.htm
AAP,https://www.sec.gov/Archives/edgar/data/1158449/000115844918000160/aap_10q7142018.htm
AES,https://www.sec.gov/Archives/edgar/data/874761/000087476118000054/q22018form10-q.htm
AET,https://www.sec.gov/Archives/edgar/data/1122304/000112230418000122/form10-q.htm
AMG,https://www.sec.gov/Archives/edgar/data/1004434/000100443418000016/amg_06302018x10q.htm
AFL,https://www.sec.gov/Archives/edgar/data/4977/000000497718000114/afl6301810q.htm
A,https://www.sec.gov/Archives/edgar/data/1090872/000109087218000015/a-07312018x10q.htm
APD,https://www.sec.gov/ix?doc=/Archives/edgar/data/2969/000000296918000034/apd-10qx30jun2018.htm
AKAM,https://www.sec.gov/Archives/edgar/data/1086222/000108622218000189/akam10q6302018.htm
ALK,https://www.sec.gov/Archives/edgar/data/766421/000076642118000047/alk10-q22018.htm
ALB,https://www.sec.gov/Archives/edgar/data/915913/000091591318000039/a0630201810q.htm
ARE,https://www.sec.gov/Archives/edgar/data/1035443/000103544318000158/a2q1810q.htm
ALXN,https://www.sec.gov/Archives/edgar/data/899866/000089986618000121/alxn6301810q.htm
ALGN,https://www.sec.gov/Archives/edgar/data/1097149/000109714918000029/algn-20180630.htm
ALLE,https://www.sec.gov/Archives/edgar/data/1579241/000157924118000030/alle-10qx06302018xdoc.htm
AGN,https://www.sec.gov/Archives/edgar/data/1578845/000156459018018996/agn-10q_20180630.htm
ADS,https://www.sec.gov/Archives/edgar/data/1101215/000110121518000178/ads-20180630x10q.htm
LNT,https://www.sec.gov/Archives/edgar/data/52485/000035254118000078/lnt630201810-q.htm
ALL,https://www.sec.gov/Archives/edgar/data/899051/000089905118000044/allcorp-6301810xq.htm
GOOGL,https://www.sec.gov/Archives/edgar/data/1652044/000165204418000027/goog10-qq22018.htm
GOOG,https://www.sec.gov/Archives/edgar/data/1652044/000165204418000027/goog10-qq22018.htm
MO,https://www.sec.gov/Archives/edgar/data/764180/000076418018000072/a2018form10qq22018.htm
AMZN,https://www.sec.gov/Archives/edgar/data/1018724/000101872418000108/amzn-20180630x10q.htm
AEE,https://www.sec.gov/Archives/edgar/data/18654/000100291018000135/aee-2018q2.htm
AAL,https://www.sec.gov/Archives/edgar/data/4515/000000620118000027/aalq210-q063018.htm
AEP,https://www.sec.gov/Archives/edgar/data/4904/000000490418000039/aep20182q10q.htm
AXP,https://www.sec.gov/Archives/edgar/data/4962/000000496218000095/axpq21810q.htm
AIG,https://www.sec.gov/Archives/edgar/data/5272/000000527218000037/maindocument001.htm
AMT,https://www.sec.gov/Archives/edgar/data/1053507/000105350718000038/amt10qq22018.htm
AWK,https://www.sec.gov/Archives/edgar/data/1410636/000141063618000143/a630201810-qdocument.htm
AMP,https://www.sec.gov/Archives/edgar/data/820027/000082002718000055/amp06302018.htm
ABC,https://www.sec.gov/Archives/edgar/data/1140859/000114085918000031/a10-qxq32018.htm
AME,https://www.sec.gov/Archives/edgar/data/1037868/000119312518236366/d557944d10q.htm
AMGN,https://www.sec.gov/Archives/edgar/data/318154/000031815418000015/amgn-2018630x10q.htm
APH,https://www.sec.gov/Archives/edgar/data/820313/000155837018005948/aph-20180630x10q.htm
APC,https://www.sec.gov/Archives/edgar/data/773910/000077391018000044/apc20182q-10q.htm
ADI,https://www.sec.gov/Archives/edgar/data/6281/000000628118000106/adiq310-q842018.htm
ANSS,https://www.sec.gov/Archives/edgar/data/1013462/000101346218000010/anss2018063010q.htm
ANTM,https://www.sec.gov/Archives/edgar/data/1156039/000115603918000010/antm-20180630x10q.htm
AON,https://www.sec.gov/Archives/edgar/data/315293/000162828018009710/q22018aonplc.htm
AOS,https://www.sec.gov/Archives/edgar/data/91142/000119312518239198/d439992d10q.htm
APA,https://www.sec.gov/Archives/edgar/data/6769/000173303718000006/apaq2201810q.htm
AIV,https://www.sec.gov/Archives/edgar/data/922864/000092286418000037/q2201810-q.htm
AAPL,https://www.sec.gov/Archives/edgar/data/320193/000032019318000100/a10-qq320186302018.htm
AMAT,https://www.sec.gov/Archives/edgar/data/6951/000000695118000029/amat0729201810-qq32018.htm
APTV,https://www.sec.gov/Archives/edgar/data/1521332/000152133218000035/aptv630201810-q.htm
ADM,https://www.sec.gov/Archives/edgar/data/7084/000000708418000032/adm-2018630x10q.htm
ARNC,https://www.sec.gov/Archives/edgar/data/4281/000000428118000109/form10q_2q18.htm
ANET,https://www.sec.gov/Archives/edgar/data/1596532/000159653218000174/anet20180630-10q.htm
AJG,https://www.sec.gov/Archives/edgar/data/354190/000119312518229526/d575587d10q.htm
AIZ,https://www.sec.gov/ix?doc=/Archives/edgar/data/1267238/000162828018010930/aiz-2018063010q.htm
ADSK,https://www.sec.gov/ix?doc=/Archives/edgar/data/769397/000076939718000042/adsk-7312018x10q.htm
AZO,https://www.sec.gov/Archives/edgar/data/866787/000119312518188204/d511750d10q.htm
AVB,https://www.sec.gov/Archives/edgar/data/915912/000091591218000016/q2201810-q.htm
AVY,https://www.sec.gov/Archives/edgar/data/8818/000110465918048389/a18-14035_110q.htm
BHGE,https://www.sec.gov/Archives/edgar/data/1701605/000170160518000082/bhge-2018063010xq.htm
BLL,https://www.sec.gov/Archives/edgar/data/9389/000155837018006348/bll-20180630x10q.htm
BAX,https://www.sec.gov/Archives/edgar/data/10456/000156459018019429/bax-10q_20180630.htm
BBT,https://www.sec.gov/Archives/edgar/data/92230/000009223018000061/form10-q_2q18.htm
BDX,https://www.sec.gov/Archives/edgar/data/10795/000001079518000023/bdx0630201810-q.htm
AES,https://www.sec.gov/Archives/edgar/data/874761/000087476118000054/q22018form10-q.htm
AET,https://www.sec.gov/Archives/edgar/data/1122304/000112230418000122/form10-q.htm
MMM,https://www.sec.gov/Archives/edgar/data/66740/000155837018005773/mmm-20180630x10q.htm
ABT,https://www.sec.gov/Archives/edgar/data/1800/000110465918048736/a18-14086_110q.htm
MMM,https://www.sec.gov/Archives/edgar/data/66740/000155837018005773/mmm-20180630x10q.htm
ABT,https://www.sec.gov/Archives/edgar/data/1800/000110465918048736/a18-14086_110q.htm
ABBV,https://www.sec.gov/Archives/edgar/data/1551152/000155115218000032/abbv-20180630x10q.htm
ABMD,https://www.sec.gov/Archives/edgar/data/815094/000156459018018814/abmd-10q_20180630.htm
ACN,https://www.sec.gov/Archives/edgar/data/1467373/000146737318000228/acn2018053110-q.htm
ATVI,https://www.sec.gov/Archives/edgar/data/718877/000110465918049238/a18-14094_110q.htm
ADBE,https://www.sec.gov/Archives/edgar/data/796343/000079634318000134/adbe10qq218.htm
AMD,https://www.sec.gov/Archives/edgar/data/2488/000000248818000128/amd0630201810q.htm
AAP,https://www.sec.gov/Archives/edgar/data/1158449/000115844918000160/aap_10q7142018.htm
AES,https://www.sec.gov/Archives/edgar/data/874761/000087476118000054/q22018form10-q.htm
AET,https://www.sec.gov/Archives/edgar/data/1122304/000112230418000122/form10-q.htm
AMG,https://www.sec.gov/Archives/edgar/data/1004434/000100443418000016/amg_06302018x10q.htm
AFL,https://www.sec.gov/Archives/edgar/data/4977/000000497718000114/afl6301810q.htm
A,https://www.sec.gov/Archives/edgar/data/1090872/000109087218000015/a-07312018x10q.htm
APD,https://www.sec.gov/ix?doc=/Archives/edgar/data/2969/000000296918000034/apd-10qx30jun2018.htm
AKAM,https://www.sec.gov/Archives/edgar/data/1086222/000108622218000189/akam10q6302018.htm
ALK,https://www.sec.gov/Archives/edgar/data/766421/000076642118000047/alk10-q22018.htm
ALB,https://www.sec.gov/Archives/edgar/data/915913/000091591318000039/a0630201810q.htm
ARE,https://www.sec.gov/Archives/edgar/data/1035443/000103544318000158/a2q1810q.htm
ALXN,https://www.sec.gov/Archives/edgar/data/899866/000089986618000121/alxn6301810q.htm
ALGN,https://www.sec.gov/Archives/edgar/data/1097149/000109714918000029/algn-20180630.htm
ALLE,https://www.sec.gov/Archives/edgar/data/1579241/000157924118000030/alle-10qx06302018xdoc.htm
AGN,https://www.sec.gov/Archives/edgar/data/1578845/000156459018018996/agn-10q_20180630.htm
ADS,https://www.sec.gov/Archives/edgar/data/1101215/000110121518000178/ads-20180630x10q.htm
LNT,https://www.sec.gov/Archives/edgar/data/52485/000035254118000078/lnt630201810-q.htm
ALL,https://www.sec.gov/Archives/edgar/data/899051/000089905118000044/allcorp-6301810xq.htm
GOOGL,https://www.sec.gov/Archives/edgar/data/1652044/000165204418000027/goog10-qq22018.htm
GOOG,https://www.sec.gov/Archives/edgar/data/1652044/000165204418000027/goog10-qq22018.htm
MO,https://www.sec.gov/Archives/edgar/data/764180/000076418018000072/a2018form10qq22018.htm
AMZN,https://www.sec.gov/Archives/edgar/data/1018724/000101872418000108/amzn-20180630x10q.htm
AEE,https://www.sec.gov/Archives/edgar/data/18654/000100291018000135/aee-2018q2.htm
AAL,https://www.sec.gov/Archives/edgar/data/4515/000000620118000027/aalq210-q063018.htm
AEP,https://www.sec.gov/Archives/edgar/data/4904/000000490418000039/aep20182q10q.htm
AXP,https://www.sec.gov/Archives/edgar/data/4962/000000496218000095/axpq21810q.htm
AIG,https://www.sec.gov/Archives/edgar/data/5272/000000527218000037/maindocument001.htm
AMT,https://www.sec.gov/Archives/edgar/data/1053507/000105350718000038/amt10qq22018.htm
AWK,https://www.sec.gov/Archives/edgar/data/1410636/000141063618000143/a630201810-qdocument.htm
AMP,https://www.sec.gov/Archives/edgar/data/820027/000082002718000055/amp06302018.htm
ABC,https://www.sec.gov/Archives/edgar/data/1140859/000114085918000031/a10-qxq32018.htm
AME,https://www.sec.gov/Archives/edgar/data/1037868/000119312518236366/d557944d10q.htm
AMGN,https://www.sec.gov/Archives/edgar/data/318154/000031815418000015/amgn-2018630x10q.htm
APH,https://www.sec.gov/Archives/edgar/data/820313/000155837018005948/aph-20180630x10q.htm
APC,https://www.sec.gov/Archives/edgar/data/773910/000077391018000044/apc20182q-10q.htm
ADI,https://www.sec.gov/Archives/edgar/data/6281/000000628118000106/adiq310-q842018.htm
ANSS,https://www.sec.gov/Archives/edgar/data/1013462/000101346218000010/anss2018063010q.htm
ANTM,https://www.sec.gov/Archives/edgar/data/1156039/000115603918000010/antm-20180630x10q.htm
AON,https://www.sec.gov/Archives/edgar/data/315293/000162828018009710/q22018aonplc.htm
AOS,https://www.sec.gov/Archives/edgar/data/91142/000119312518239198/d439992d10q.htm
APA,https://www.sec.gov/Archives/edgar/data/6769/000173303718000006/apaq2201810q.htm
AIV,https://www.sec.gov/Archives/edgar/data/922864/000092286418000037/q2201810-q.htm
AAPL,https://www.sec.gov/Archives/edgar/data/320193/000032019318000100/a10-qq320186302018.htm
AMAT,https://www.sec.gov/Archives/edgar/data/6951/000000695118000029/amat0729201810-qq32018.htm
APTV,https://www.sec.gov/Archives/edgar/data/1521332/000152133218000035/aptv630201810-q.htm
ADM,https://www.sec.gov/Archives/edgar/data/7084/000000708418000032/adm-2018630x10q.htm
ARNC,https://www.sec.gov/Archives/edgar/data/4281/000000428118000109/form10q_2q18.htm
ANET,https://www.sec.gov/Archives/edgar/data/1596532/000159653218000174/anet20180630-10q.htm
AJG,https://www.sec.gov/Archives/edgar/data/354190/000119312518229526/d575587d10q.htm
AIZ,https://www.sec.gov/ix?doc=/Archives/edgar/data/1267238/000162828018010930/aiz-2018063010q.htm
ADSK,https://www.sec.gov/ix?doc=/Archives/edgar/data/769397/000076939718000042/adsk-7312018x10q.htm
AZO,https://www.sec.gov/Archives/edgar/data/866787/000119312518188204/d511750d10q.htm
AVB,https://www.sec.gov/Archives/edgar/data/915912/000091591218000016/q2201810-q.htm
AVY,https://www.sec.gov/Archives/edgar/data/8818/000110465918048389/a18-14035_110q.htm
BHGE,https://www.sec.gov/Archives/edgar/data/1701605/000170160518000082/bhge-2018063010xq.htm
BLL,https://www.sec.gov/Archives/edgar/data/9389/000155837018006348/bll-20180630x10q.htm
BAX,https://www.sec.gov/Archives/edgar/data/10456/000156459018019429/bax-10q_20180630.htm
BBT,https://www.sec.gov/Archives/edgar/data/92230/000009223018000061/form10-q_2q18.htm
BDX,https://www.sec.gov/Archives/edgar/data/10795/000001079518000023/bdx0630201810-q.htm
BRKB,https://www.sec.gov/Archives/edgar/data/1067983/000119312518238892/d370289d10q.htm
BBY,https://www.sec.gov/Archives/edgar/data/764478/000076447818000043/bby841810q-q2fy19.htm
BIIB,https://www.sec.gov/Archives/edgar/data/875045/000087504518000019/biib-2018630x10q.htm
HRB,https://www.sec.gov/Archives/edgar/data/12659/000157484218000027/hrb2018073110q.htm
BA,https://www.sec.gov/Archives/edgar/data/12927/000001292718000048/a201806jun3010-q.htm
BKNG,https://www.sec.gov/Archives/edgar/data/1075531/000107553118000044/bkng6301810q.htm
BWA,https://www.sec.gov/Archives/edgar/data/908255/000090825518000050/a201863010q.htm
BXP,https://www.sec.gov/Archives/edgar/data/1037540/000165642318000020/bxpandbplp10-q20180630.htm
BSX,https://www.sec.gov/Archives/edgar/data/885725/000088572518000032/q22018form10-q.htm
BHF,https://www.sec.gov/Archives/edgar/data/1685040/000168504018000019/bhf-20180630x10q.htm
BMY,https://www.sec.gov/Archives/edgar/data/14272/000001427218000160/bmy-20180630x10q.htm
AVGO,https://www.sec.gov/Archives/edgar/data/1730168/000173016818000039/avgo-08052018x10q.htm
BR,https://www.sec.gov/Archives/edgar/data/1383312/000138331218000027/br-20180331x10q.htm
BFB,https://www.sec.gov/Archives/edgar/data/14693/000001469318000165/bfb-7312018x10qjuly.htm
CHRW,https://www.sec.gov/Archives/edgar/data/1043277/000104327718000031/chrw-10qq22018.htm
CA,https://www.sec.gov/Archives/edgar/data/356028/000035602818000126/ca-20180630x10q.htm
COG,https://www.sec.gov/Archives/edgar/data/858470/000085847018000043/cog-06302018x10q.htm
CDNS,https://www.sec.gov/Archives/edgar/data/813672/000081367218000020/a10-qcdns06302018.htm
COF,https://www.sec.gov/Archives/edgar/data/927628/000092762818000281/cof-06302018x10q.htm
CAH,https://www.sec.gov/Archives/edgar/data/721371/000072137118000038/a18q3_10qx033118xform10-q.htm
KMX,https://www.sec.gov/Archives/edgar/data/1170010/000117001018000146/q1fy1910-q.htm
CCL,https://www.sec.gov/Archives/edgar/data/815097/000081509718000026/q2201810-q.htm
CAT,https://www.sec.gov/Archives/edgar/data/18230/000001823018000229/cat_10qx6302018.htm
CBOE,https://www.sec.gov/Archives/edgar/data/1374310/000155837018006293/cboe-20180630x10q.htm
CBRE,https://www.sec.gov/Archives/edgar/data/1138118/000156459018020899/cbg-10q_20180630.htm
CBS,https://www.sec.gov/Archives/edgar/data/813828/000081382818000036/cbs_10q-063018.htm
CELG,https://www.sec.gov/Archives/edgar/data/816284/000081628418000016/a2018063010q.htm
CNC,https://www.sec.gov/Archives/edgar/data/1071739/000107173918000097/form10-q.htm
CTL,https://www.sec.gov/Archives/edgar/data/18926/000001892618000023/ctl2018063010q.htm
CERN,https://www.sec.gov/Archives/edgar/data/804753/000080475318000033/q2201810-q.htm
CF,https://www.sec.gov/Archives/edgar/data/1324404/000132440418000019/cf-06302018x10q.htm
SCHW,https://www.sec.gov/Archives/edgar/data/316709/000031670918000040/schw-06302018x10q.htm
CHTR,https://www.sec.gov/Archives/edgar/data/1091667/000109166718000090/chtr6302018-10q.htm
CVX,https://www.sec.gov/Archives/edgar/data/93410/000009341018000029/cvx06302018-10qdoc.htm
CMG,https://www.sec.gov/Archives/edgar/data/1058090/000105809018000047/cmg-20180630x10q.htm
CB,https://www.sec.gov/Archives/edgar/data/896159/000089615918000013/cb-63018x10q.htm
CHD,https://www.sec.gov/Archives/edgar/data/313927/000156459018018766/chd-10q_20180630.htm
XEC,https://www.sec.gov/Archives/edgar/data/1168054/000116805418000021/a20180630xec10-qdoc.htm
CINF,https://www.sec.gov/Archives/edgar/data/20286/000002028618000047/cinf-2018630x10q.htm
CTAS,https://www.sec.gov/Archives/edgar/data/723254/000072325418000006/ctas-2018x228x10xq.htm
CSCO,https://www.sec.gov/Archives/edgar/data/858877/000085887718000007/a10qq3fy18.htm
CFG,https://www.sec.gov/Archives/edgar/data/759944/000075994418000067/citizens10-qxq22018.htm
CTXS,https://www.sec.gov/Archives/edgar/data/877890/000087789018000117/ctxs06-30x201810xq.htm
CME,https://www.sec.gov/Archives/edgar/data/1156375/000115637518000083/cme-201863010q.htm
CMS,https://www.sec.gov/Archives/edgar/data/201533/000081115618000003/consumersenergy10q06302018.htm
KO,https://www.sec.gov/Archives/edgar/data/21344/000002134418000032/a2018062910-q.htm
CTSH,https://www.sec.gov/Archives/edgar/data/1058290/000105829018000028/ctsh2018630-10q.htm
CL,https://www.sec.gov/Archives/edgar/data/21665/000002166518000015/cl-6302018x10q.htm
CMCSA,https://www.sec.gov/Archives/edgar/data/902739/000116669118000019/cmcsa-6302018x10q.htm
CMA,https://www.sec.gov/Archives/edgar/data/28412/000002841218000146/cma-2018q210q.htm
CXO,https://www.sec.gov/Archives/edgar/data/1358071/000135807118000014/cxo_2Q18_10Q.htm
COP,https://www.sec.gov/Archives/edgar/data/1163165/000119312518232659/d586006d10q.htm
ED,https://www.sec.gov/Archives/edgar/data/23632/000104786218000154/ed-20180630x10q.htm
STZ,https://www.sec.gov/Archives/edgar/data/16918/000001691818000046/stz531201810q.htm
COO,https://www.sec.gov/Archives/edgar/data/711404/000071140418000035/coo_2018x07x31x10qq32018.htm
CPRT,https://www.sec.gov/Archives/edgar/data/900075/000090007518000025/cprt04302018-10q.htm
GLW,https://www.sec.gov/Archives/edgar/data/24741/000002474118000045/glw-20180630x10q.htm
COST,https://www.sec.gov/Archives/edgar/data/909832/000090983218000008/cost10q51318.htm
COTY,https://www.sec.gov/Archives/edgar/data/1024305/000102430518000015/coty033118-10q.htm
CCI,https://www.sec.gov/Archives/edgar/data/1051470/000105147018000156/crowncastle10q063018.htm
CSX,https://www.sec.gov/Archives/edgar/data/277948/000027794818000040/csx06301810-q.htm
CMI,https://www.sec.gov/ix?doc=/Archives/edgar/data/26172/000002617218000039/cmi2018q210-qdoc.htm
CVS,https://www.sec.gov/Archives/edgar/data/64803/000155837018006683/cvs-20180630x10q.htm
DHI,https://www.sec.gov/Archives/edgar/data/882184/000088218418000083/a630201810q.htm
DHR,https://www.sec.gov/Archives/edgar/data/313616/000031361618000116/dhr-2018629x10q.htm
DRI,https://www.sec.gov/Archives/edgar/data/940944/000094094418000038/q3fy1810-q.htm
DVA,https://www.sec.gov/Archives/edgar/data/927066/000092706618000165/dva-63018x10q.htm
DE,https://www.sec.gov/Archives/edgar/data/315189/000155837018007303/de-20180729x10q.htm
DAL,https://www.sec.gov/ix?doc=/Archives/edgar/data/27904/000002790418000016/dal630201810q.htm
XRAY,https://www.sec.gov/Archives/edgar/data/818479/000081847918000035/dentsplysirona10-q22018.htm
DVN,https://www.sec.gov/Archives/edgar/data/1090012/000156459018018317/dvn-10q_20180630.htm
DLR,https://www.sec.gov/Archives/edgar/data/1297996/000129799618000130/dlr630201810-q.htm
DFS,https://www.sec.gov/Archives/edgar/data/1393612/000139361218000039/dfs630201810q.htm
DISCA,https://www.sec.gov/Archives/edgar/data/1437107/000143710718000076/disca-2018063010q.htm
DISCK,https://www.sec.gov/Archives/edgar/data/1437107/000143710718000076/disca-2018063010q.htm
DISH,https://www.sec.gov/Archives/edgar/data/1001082/000155837018006285/dish-20180630x10q.htm
DG,https://www.sec.gov/Archives/edgar/data/29534/000155837018007294/dg-20180803x10q.htm
DLTR,https://www.sec.gov/Archives/edgar/data/935703/000093570318000045/dltr-2018x08x04x10q.htm
D,https://www.sec.gov/Archives/edgar/data/103682/000156459018018690/d-10q_20180630.htm
DOV,https://www.sec.gov/Archives/edgar/data/29905/000002990518000043/a2018063010-q.htm
DWDP,https://www.sec.gov/Archives/edgar/data/1666700/000166670018000041/dowdupont2q18063018.htm
DTE,https://www.sec.gov/Archives/edgar/data/28385/000093634018000187/dteenergy2018063010q.htm
DRE,https://www.sec.gov/ix?doc=/Archives/edgar/data/783280/000078328018000053/a2ndqd0c2018.htm
DUK,https://www.sec.gov/Archives/edgar/data/17797/000132616018000176/duk-20180630x10q.htm
DXC,https://www.sec.gov/Archives/edgar/data/1688568/000168856818000077/dxc630201810-q.htm
ETFC,https://www.sec.gov/Archives/edgar/data/1015780/000101578018000076/etfc-2018063010q.htm
EMN,https://www.sec.gov/Archives/edgar/data/915389/000091538918000048/emn2018063010q.htm
ETN,https://www.sec.gov/Archives/edgar/data/1551182/000155118218000208/etn0630201810-qdoc.htm
EBAY,https://www.sec.gov/ix?doc=/Archives/edgar/data/1065088/000106508818000032/ebay10-qq22018.htm
ECL,https://www.sec.gov/Archives/edgar/data/31462/000155837018006163/ecl-20180630x10q.htm
EIX,https://www.sec.gov/Archives/edgar/data/92103/000082705218000136/eix-sce2018q210q.htm
EW,https://www.sec.gov/Archives/edgar/data/1099800/000109980018000025/ew10-qq22018.htm
EA,https://www.sec.gov/Archives/edgar/data/712515/000071251518000045/ea6302018-q1fy1910qdoc.htm
EMR,https://www.sec.gov/Archives/edgar/data/32604/000003260418000038/emr-6302018x10q.htm
ETR,https://www.sec.gov/Archives/edgar/data/7323/000006598418000192/etr-06x30x2018x10q.htm
EVHC,https://www.sec.gov/Archives/edgar/data/1678531/000167853118000100/evhc-2018063010q.htm
EOG,https://www.sec.gov/Archives/edgar/data/821189/000082118918000034/a2018063010-q.htm
EQT,https://www.sec.gov/Archives/edgar/data/33213/000003321318000011/eqt630201810q.htm
EFX,https://www.sec.gov/Archives/edgar/data/33185/000003318518000027/efx10q20180630.htm
EQIX,https://www.sec.gov/Archives/edgar/data/1101239/000162828018010818/eqix-63018x10q.htm
EQR,https://www.sec.gov/Archives/edgar/data/906107/000156459018018904/eqr-10q_20180630.htm
ESS,https://www.sec.gov/Archives/edgar/data/920522/000092052218000039/ess-63018x10q.htm
EL,https://www.sec.gov/Archives/edgar/data/1001250/000110465918029710/a18-8697_110q.htm
EVRG,https://www.sec.gov/Archives/edgar/data/54476/000171126918000012/evrg-06302018x10q.htm
ES,https://www.sec.gov/Archives/edgar/data/13372/000007274118000053/a2018q210-qxdocument.htm
RE,https://www.sec.gov/Archives/edgar/data/1095073/000109507318000029/group10q2q2018.htm
EXC,https://www.sec.gov/Archives/edgar/data/8192/000162828018010287/exc-20180630x10q.htm
EXPE,https://www.sec.gov/Archives/edgar/data/1324424/000132442418000039/a10-qxq22018.htm
EXPD,https://www.sec.gov/Archives/edgar/data/746515/000074651518000029/a20182q10-q.htm
EXR,https://www.sec.gov/Archives/edgar/data/1289490/000162828018010932/exr-06302018x10qq22018.htm
XOM,https://www.sec.gov/Archives/edgar/data/34088/000003408818000039/xom10q2q2018.htm
FFIV,https://www.sec.gov/Archives/edgar/data/1048695/000104869518000025/ffiv10q6302018.htm
FB,https://www.sec.gov/Archives/edgar/data/1326801/000132680118000057/fb-06302018x10q.htm
FAST,https://www.sec.gov/Archives/edgar/data/815556/000081555618000043/fast6301810q.htm
FRT,https://www.sec.gov/Archives/edgar/data/34903/000003490318000024/frt-06302018x10q.htm
FIS,https://www.sec.gov/Archives/edgar/data/1136893/000113689318000044/fis-10xq06x30x2018.htm
FITB,https://www.sec.gov/Archives/edgar/data/35527/000119312518242791/d572603d10q.htm
FE,https://www.sec.gov/Archives/edgar/data/1031296/000103129618000051/fe-06302018x10q.htm
FISV,https://www.sec.gov/Archives/edgar/data/798354/000079835418000017/fisv0630201810-q.htm
FLT,https://www.sec.gov/Archives/edgar/data/1175454/000117545418000027/flt_10-qx06302018.htm
FLIR,https://www.sec.gov/Archives/edgar/data/354908/000035490818000074/flir-06302018x10q.htm
FLS,https://www.sec.gov/Archives/edgar/data/30625/000003062518000067/a06302018financialstatemen.htm
FLR,https://www.sec.gov/Archives/edgar/data/1124198/000110465918049205/a18-14043_110q.htm
FMC,https://www.sec.gov/Archives/edgar/data/37785/000003778518000053/fmc06301810q.htm
FL,https://www.sec.gov/Archives/edgar/data/850209/000085020918000016/fl-20180804x10q.htm
F,https://www.sec.gov/Archives/edgar/data/37996/000003799618000063/f0630201810-q.htm
FBHS,https://www.sec.gov/Archives/edgar/data/1519751/000119312518233151/d622152d10q.htm
BEN,https://www.sec.gov/Archives/edgar/data/38777/000003877718000199/form10q6302018.htm
FCX,https://www.sec.gov/Archives/edgar/data/831259/000083125918000030/fcxq21810-q.htm
GPS,https://www.sec.gov/Archives/edgar/data/39911/000003991118000134/q2201810-qdocument.htm
GRMN,https://www.sec.gov/Archives/edgar/data/1121788/000161577418007281/s111561_10q.htm
IT,https://www.sec.gov/Archives/edgar/data/749251/000074925118000013/a06302018-10q.htm
GD,https://www.sec.gov/Archives/edgar/data/40533/000004053318000043/gd-2018070110q.htm
GE,https://www.sec.gov/Archives/edgar/data/40545/000004054518000061/ge2q201810-q.htm
GM,https://www.sec.gov/Archives/edgar/data/1467858/000146785818000089/gm2018q2.htm
GPC,https://www.sec.gov/Archives/edgar/data/40987/000004098718000017/gpc_06302018x10q.htm
GILD,https://www.sec.gov/Archives/edgar/data/882095/000088209518000022/q218form10-q.htm
GPN,https://www.sec.gov/Archives/edgar/data/1123360/000112336018000026/gpn20180630-10q.htm
GT,https://www.sec.gov/Archives/edgar/data/42582/000095012318007055/gt-q2201810q.htm
GWW,https://www.sec.gov/Archives/edgar/data/277135/000027713518000023/gww2018063018-10q.htm
HAL,https://www.sec.gov/Archives/edgar/data/45012/000004501218000120/hal_06302018-10q.htm
HBI,https://www.sec.gov/Archives/edgar/data/1359841/000135984118000078/hbi-20180630x10q.htm
HOG,https://www.sec.gov/Archives/edgar/data/793952/000079395218000050/hog-07012018x10q.htm
HIG,https://www.sec.gov/Archives/edgar/data/874766/000087476618000040/hig6302018-10xqdocument.htm
HAS,https://www.sec.gov/Archives/edgar/data/46080/000004608018000118/maindocument001.htm
HCA,https://www.sec.gov/Archives/edgar/data/860730/000119312518238342/d554060d10q.htm
HCP,https://www.sec.gov/Archives/edgar/data/765880/000162828018010344/hcp-10q6302018.htm
HP,https://www.sec.gov/Archives/edgar/data/46765/000155837018006102/hp-20180630x10q.htm
HSIC,https://www.sec.gov/Archives/edgar/data/1000228/000100022818000039/the10q_2q18.htm
HSY,https://www.sec.gov/Archives/edgar/data/47111/000004711118000035/a2018_formx10-qq2.htm
HES,https://www.sec.gov/Archives/edgar/data/4447/000156459018018485/hes-10q_20180630.htm
HPE,https://www.sec.gov/Archives/edgar/data/1645590/000162828018011596/hpe-07312018x10qq3.htm
HLT,https://www.sec.gov/Archives/edgar/data/1585689/000158568918000122/q22018hwhfsandmda.htm
HFC,https://www.sec.gov/Archives/edgar/data/48039/000004803918000057/hfc6-30x201810q.htm
HOLX,https://www.sec.gov/Archives/edgar/data/859737/000085973718000012/holx_q3-2018.htm
HD,https://www.sec.gov/Archives/edgar/data/354950/000035495018000051/hd_10qx07292018.htm
HON,https://www.sec.gov/Archives/edgar/data/773840/000093041318002303/c91619_10q.htm
HRL,https://www.sec.gov/Archives/edgar/data/48465/000004846518000039/hrl-20180729x10q.htm
HST,https://www.sec.gov/Archives/edgar/data/1061937/000095012318007634/hst-10q_20180630.htm
HPQ,https://www.sec.gov/Archives/edgar/data/47217/000004721718000044/hp-73118x10q.htm
HUM,https://www.sec.gov/Archives/edgar/data/49071/000004907118000100/hum-20180630x10q.htm
HBAN,https://www.sec.gov/Archives/edgar/data/49196/000004919618000052/hban20180630_10q.htm
HII,https://www.sec.gov/Archives/edgar/data/1501585/000150158518000027/hii2018q210-q0630.htm
IDXX,https://www.sec.gov/Archives/edgar/data/874716/000087471618000012/idxx2018q210-q.htm
INFO,https://www.sec.gov/Archives/edgar/data/1598014/000159801418000103/q21810q.htm
ITW,https://www.sec.gov/Archives/edgar/data/49826/000004982618000089/itw-20180630x10q.htm
ILMN,https://www.sec.gov/Archives/edgar/data/1110803/000111080318000024/fy2018q2form10-q.htm
IR,https://www.sec.gov/Archives/edgar/data/1466258/000146625818000196/ir-10qxq2x06302018.htm
INTC,https://www.sec.gov/Archives/edgar/data/50863/000005086318000022/a0630201810qdocument.htm
ICE,https://www.sec.gov/Archives/edgar/data/1571949/000157194918000011/ice201863010q.htm
IBM,https://www.sec.gov/Archives/edgar/data/51143/000110465918048404/a18-14112_110q.htm
INCY,https://www.sec.gov/Archives/edgar/data/879169/000155837018005974/incy-20180630x10q.htm
IP,https://www.sec.gov/Archives/edgar/data/51434/000005143418000034/ip-6302018xform10xq.htm
IPG,https://www.sec.gov/Archives/edgar/data/51644/000005164418000041/ipgq2201810q.htm
INTU,https://www.sec.gov/ix?doc=/Archives/edgar/data/896878/000089687818000075/a10-qdocumentxfy18q3.htm
ISRG,https://www.sec.gov/Archives/edgar/data/1035267/000103526718000084/isrg-20180630x10q.htm
IPGP,https://www.sec.gov/Archives/edgar/data/1111928/000111192818000111/ipgp-20180630x10q.htm
IQV,https://www.sec.gov/Archives/edgar/data/1478242/000156459018017673/iqv-10q_20180630.htm
IRM,https://www.sec.gov/Archives/edgar/data/1020569/000102056918000082/irm2018630-10q.htm
JEC,https://www.sec.gov/Archives/edgar/data/52988/000005298818000023/jecfy2018q310-q.htm
JBHT,https://www.sec.gov/Archives/edgar/data/728535/000143774918013887/jbht20180630_10q.htm
JEF,https://www.sec.gov/Archives/edgar/data/96223/000009622318000025/jef10q6302018.htm
SJM,https://www.sec.gov/Archives/edgar/data/91419/000009141918000008/sjm20180731-10q.htm
JNJ,https://www.sec.gov/Archives/edgar/data/200406/000020040618000041/a2q10q07-01x18.htm
JCI,https://www.sec.gov/Archives/edgar/data/833444/000083344418000044/q3fy1810-q.htm
JNPR,https://www.sec.gov/Archives/edgar/data/1043604/000104360418000063/jnpr-10q20180630.htm
KSU,https://www.sec.gov/Archives/edgar/data/54480/000005448018000178/kcs10q06302018.htm
K,https://www.sec.gov/Archives/edgar/data/55067/000162828018010439/k-2018q210xq.htm
KEY,https://www.sec.gov/ix?doc=/Archives/edgar/data/91576/000009157618000028/key-063018x10q.htm
KMB,https://www.sec.gov/Archives/edgar/data/55785/000005578518000051/kmb_10qx2018xq2.htm
KIM,https://www.sec.gov/Archives/edgar/data/879101/000143774918013867/kim20180630_10q.htm
KMI,https://www.sec.gov/Archives/edgar/data/1506307/000150630718000058/kmi-06302018x10q.htm
KSS,https://www.sec.gov/Archives/edgar/data/885639/000156459018022819/kss-10q_20180804.htm
KHC,https://www.sec.gov/Archives/edgar/data/1637459/000163745918000116/form10-qq22018.htm
KR,https://www.sec.gov/Archives/edgar/data/56873/000155837018005499/kr-20180526x10q.htm
LB,https://www.sec.gov/Archives/edgar/data/701985/000070198518000045/ltd-201884_10q.htm
LLL,https://www.sec.gov/Archives/edgar/data/1039101/000103910118000018/lll-062918x10q.htm
LH,https://www.sec.gov/Archives/edgar/data/920148/000092014818000097/lh201810-qq2.htm
LRCX,https://www.sec.gov/Archives/edgar/data/707549/000070754918000084/lrcx_10qx3qx2018xdocument.htm
LEG,https://www.sec.gov/Archives/edgar/data/58492/000005849218000011/legq2201810q.htm
LEN,https://www.sec.gov/ix?doc=/Archives/edgar/data/920760/000162828018009144/len-2018531x10qq2.htm
LLY,https://www.sec.gov/Archives/edgar/data/59478/000005947818000188/lly-6302018x10q.htm
LNC,https://www.sec.gov/Archives/edgar/data/59558/000005955818000031/lnc-20180630x10q.htm
LKQ,https://www.sec.gov/Archives/edgar/data/1065696/000106569618000051/lkq-20180630_10q.htm
LMT,https://www.sec.gov/Archives/edgar/data/936468/000093646818000053/lmtq2201810q.htm
L,https://www.sec.gov/Archives/edgar/data/60086/000119312518230871/d508103d10q.htm
LOW,https://www.sec.gov/Archives/edgar/data/60667/000006066718000157/form10q_08032018.htm
LYB,https://www.sec.gov/Archives/edgar/data/1489393/000148939318000012/lybq22018document.htm
MTB,https://www.sec.gov/Archives/edgar/data/36270/000156459018018853/mtb-10q_20180630.htm
MAC,https://www.sec.gov/Archives/edgar/data/912242/000091224218000012/mac-6302018x10q.htm
M,https://www.sec.gov/Archives/edgar/data/794367/000079436718000094/m-08041810q.htm
MRO,https://www.sec.gov/Archives/edgar/data/101778/000010177818000107/mro-20180630x10q.htm
MAR,https://www.sec.gov/Archives/edgar/data/1048286/000162828018010613/mar-q22018x10q.htm
MMC,https://www.sec.gov/Archives/edgar/data/62709/000006270918000032/mmc0630201810q.htm
MLM,https://www.sec.gov/ix?doc=/Archives/edgar/data/916076/000156459018017737/mlm-10q_20180630.htm
MAS,https://www.sec.gov/Archives/edgar/data/62996/000006299618000053/a2018q2masco10-q06302018.htm
MA,https://www.sec.gov/Archives/edgar/data/1141391/000114139118000111/ma06302018-10xq.htm
MAT,https://www.sec.gov/Archives/edgar/data/63276/000162828018009592/mat6301810-q.htm
MKC,https://www.sec.gov/Archives/edgar/data/63754/000006375418000044/mkc-5312018xq2.htm
MCD,https://www.sec.gov/ix?doc=/Archives/edgar/data/63908/000006390818000049/mcd-6302018x10q.htm
MCK,https://www.sec.gov/Archives/edgar/data/927653/000092765318000015/mck_10qx06302018.htm
MDT,https://www.sec.gov/Archives/edgar/data/1613103/000161310318000032/mdt-2019q1x10q.htm
MRK,https://www.sec.gov/Archives/edgar/data/310158/000031015818000034/mrk0630201810q.htm
MET,https://www.sec.gov/Archives/edgar/data/1099219/000093783418000036/met-2018630x10q.htm
MTD,https://www.sec.gov/Archives/edgar/data/1037646/000103764618000026/mtd10q63018.htm
MGM,https://www.sec.gov/Archives/edgar/data/789570/000156459018019040/mgm-10q_20180630.htm
KORS,https://www.sec.gov/Archives/edgar/data/1530721/000153072118000088/kors10-q06302018.htm
MCHP,https://www.sec.gov/Archives/edgar/data/827054/000082705418000143/a630201810qq1fy19.htm
MU,https://www.sec.gov/Archives/edgar/data/723125/000072312518000065/a2018q3.htm
MSFT,https://www.sec.gov/Archives/edgar/data/789019/000156459018009307/msft-10q_20180331.htm
MAA,https://www.sec.gov/Archives/edgar/data/912595/000091259518000041/maa630201810-q.htm
MHK,https://www.sec.gov/Archives/edgar/data/851968/000085196818000103/a2q201810qdocument-classic.htm
TAP,https://www.sec.gov/Archives/edgar/data/24545/000002454518000026/tap201863010q.htm
MDLZ,https://www.sec.gov/Archives/edgar/data/1103982/000110398218000009/q2-201810qdocument.htm
MNST,https://www.sec.gov/Archives/edgar/data/865752/000110465918050877/a18-14096_110q.htm
MCO,https://www.sec.gov/Archives/edgar/data/1059556/000119312518235267/d585104d10q.htm
MOS,https://www.sec.gov/Archives/edgar/data/1285785/000161803418000011/mos_20180630x10q.htm
MSI,https://www.sec.gov/Archives/edgar/data/68505/000006850518000023/msi06-30x18q2x10q.htm
MSCI,https://www.sec.gov/Archives/edgar/data/1408198/000156459018019058/msci-10q_20180630.htm
MYL,https://www.sec.gov/Archives/edgar/data/1623613/000162361318000027/myl10q_20180630xdoc.htm
NDAQ,https://www.sec.gov/Archives/edgar/data/1120193/000112019318000010/ndaq630201810-q.htm
NOV,https://www.sec.gov/Archives/edgar/data/1021860/000119312518229129/d518369d10q.htm
NKTR,https://www.sec.gov/Archives/edgar/data/906709/000156459018020709/nktr-10q_20180630.htm
NTAP,https://www.sec.gov/Archives/edgar/data/1002047/000156459018022123/ntap-10q_20180727.htm
NFLX,https://www.sec.gov/Archives/edgar/data/1065280/000106528018000360/nflx-063018x10qxdoc.htm
NWL,https://www.sec.gov/Archives/edgar/data/814453/000119312518244528/d629346d10q.htm
NFX,https://www.sec.gov/ix?doc=/Archives/edgar/data/912750/000091275018000021/nfx2018q2-10q.htm
NEM,https://www.sec.gov/Archives/edgar/data/1164727/000155837018005735/nem-20180630x10q.htm
NWSA,https://www.sec.gov/Archives/edgar/data/1564708/000119312518159861/d512753d10q.htm
NWS,https://www.sec.gov/Archives/edgar/data/1564708/000119312518159861/d512753d10q.htm
NLSN,https://www.sec.gov/Archives/edgar/data/1492633/000156459018017504/nlsnnv-10q_20180630.htm
NKE,https://www.sec.gov/Archives/edgar/data/320187/000032018718000041/nke-02282018x10q.htm
NI,https://www.sec.gov/Archives/edgar/data/1111711/000111171118000034/ni-2018630x10q.htm
NBL,https://www.sec.gov/ix?doc=/Archives/edgar/data/72207/000007220718000060/nbl-20180630x10q.htm
JWN,https://www.sec.gov/Archives/edgar/data/72333/000007233318000132/jwn-q22018x10q.htm
NSC,https://www.sec.gov/Archives/edgar/data/702165/000070216518000040/nsc06301810-q.htm
NTRS,https://www.sec.gov/Archives/edgar/data/73124/000007312418000259/q22018form10-q.htm
NOC,https://www.sec.gov/Archives/edgar/data/1133421/000113342118000038/noc-06302018x10q.htm
NCLH,https://www.sec.gov/Archives/edgar/data/1513761/000114420418043330/tv499867_10q.htm
NRG,https://www.sec.gov/Archives/edgar/data/1013871/000101387118000032/nrg201863010q.htm
NUE,https://www.sec.gov/Archives/edgar/data/73309/000119312518242368/d597161d10q.htm
NVDA,https://www.sec.gov/Archives/edgar/data/1045810/000104581018000114/nvda2019q210q.htm
ORLY,https://www.sec.gov/Archives/edgar/data/898173/000089817318000168/orly-20180630x10q.htm
OXY,https://www.sec.gov/Archives/edgar/data/797468/000079746818000014/oxyform10q63018.htm
OMC,https://www.sec.gov/Archives/edgar/data/29989/000002998918000012/a2018q210-q.htm
OKE,https://www.sec.gov/Archives/edgar/data/1039684/000103968418000056/oke-2018630x10q.htm
ORCL,https://www.sec.gov/Archives/edgar/data/1341439/000119312518090646/d548579d10q.htm
PCAR,https://www.sec.gov/Archives/edgar/data/75362/000156459018019160/pcar-10q_20180630.htm
PKG,https://www.sec.gov/Archives/edgar/data/75677/000156459018020254/pkg-10q_20180630.htm
PH,https://www.sec.gov/Archives/edgar/data/76334/000007633418000046/ph-10qxq33312018.htm
PAYX,https://www.sec.gov/Archives/edgar/data/723531/000072353118000009/payx-20180228x10q.htm
PYPL,https://www.sec.gov/Archives/edgar/data/1633917/000163391718000171/pypl10-qq22018.htm
PNR,https://www.sec.gov/Archives/edgar/data/77360/000007736018000027/pnr-2018063010q.htm
PBCT,https://www.sec.gov/Archives/edgar/data/1378946/000119312518243842/d645386d10q.htm
PEP,https://www.sec.gov/Archives/edgar/data/77476/000007747618000055/pepsicoq2-10xq6162018.htm
PKI,https://www.sec.gov/Archives/edgar/data/31791/000003179118000011/pki-07012018x10qdocument.htm
PRGO,https://www.sec.gov/Archives/edgar/data/1585364/000158536418000071/cy18q210q.htm
PFE,https://www.sec.gov/Archives/edgar/data/78003/000007800318000070/pfe-07012018x10q.htm
PCG,https://www.sec.gov/Archives/edgar/data/75488/000100498018000012/pge-063018x10q.htm
PM,https://www.sec.gov/Archives/edgar/data/1413329/000141332918000039/pm-063018x10qxdoc.htm
PSX,https://www.sec.gov/Archives/edgar/data/1534701/000153470118000094/psx-2018630_10q.htm
PNW,https://www.sec.gov/Archives/edgar/data/7286/000076462218000052/pnw-6301810q.htm
PXD,https://www.sec.gov/Archives/edgar/data/1038357/000103835718000061/pxd-20180630.htm
PNC,https://www.sec.gov/Archives/edgar/data/713676/000071367618000065/pncq2201810-q.htm
RL,https://www.sec.gov/Archives/edgar/data/1037038/000103703818000010/rl-20180630x10q.htm
PPG,https://www.sec.gov/Archives/edgar/data/79879/000007987918000045/ppgq2201810q.htm
PPL,https://www.sec.gov/Archives/edgar/data/55387/000092222418000058/ppl-6302018x10q.htm
PX,https://www.sec.gov/Archives/edgar/data/884905/000088490518000063/px-q2201810q.htm
PFG,https://www.sec.gov/Archives/edgar/data/1126328/000110465918048612/a18-13673_110q.htm
PGR,https://www.sec.gov/Archives/edgar/data/80661/000008066118000039/pgr-201863010q2ndquarter.htm
PEG,https://www.sec.gov/Archives/edgar/data/81033/000078878418000022/pseg-6302018xq2.htm
PSA,https://www.sec.gov/Archives/edgar/data/1393311/000139331118000021/psa-20180630x10q.htm
PHM,https://www.sec.gov/ix?doc=/Archives/edgar/data/822416/000082241618000037/phm630201810-q.htm
PVH,https://www.sec.gov/Archives/edgar/data/78239/000007823918000026/a10q2q2018.htm
QRVO,https://www.sec.gov/Archives/edgar/data/1604778/000160477818000071/qorvo2018063010-q.htm
PWR,https://www.sec.gov/Archives/edgar/data/1050915/000105091518000061/pwr6-30x201810xq.htm
QCOM,https://www.sec.gov/Archives/edgar/data/804328/000172894918000075/qcom06241810-q.htm
DGX,https://www.sec.gov/Archives/edgar/data/1022079/000102207918000163/dgx0630201810-q.htm
RJF,https://www.sec.gov/Archives/edgar/data/720005/000072000518000058/rjf-2018063010q.htm
RTN,https://www.sec.gov/ix?doc=/Archives/edgar/data/1047122/000104712218000201/rtn-07012018x10q.htm
O,https://www.sec.gov/Archives/edgar/data/726728/000072672818000087/o-06302018x10q.htm
RHT,https://www.sec.gov/Archives/edgar/data/1087423/000108742318000014/rht-10qq1fy19.htm
REG,https://www.sec.gov/Archives/edgar/data/910606/000091060618000030/reg10-q063018.htm
REGN,https://www.sec.gov/Archives/edgar/data/872589/000153217618000028/regn-063018x10q.htm
RF,https://www.sec.gov/Archives/edgar/data/1281761/000128176118000092/rf-2018630x10xq.htm
RSG,https://www.sec.gov/Archives/edgar/data/1060391/000106039118000023/rsg630201810-q.htm
RMD,https://www.sec.gov/Archives/edgar/data/943819/000094381918000009/rmd-20180331x10q.htm
RHI,https://www.sec.gov/Archives/edgar/data/315213/000162828018010303/rhi6301810q.htm
ROK,https://www.sec.gov/Archives/edgar/data/1024478/000102447818000024/rok-2018630x10q.htm
COL,https://www.sec.gov/Archives/edgar/data/1137411/000113741118000071/col_6302018x10q.htm
ROP,https://www.sec.gov/Archives/edgar/data/882835/000088283518000034/a2018q210-q.htm
ROST,https://www.sec.gov/Archives/edgar/data/745732/000074573218000024/rost-20180804x10q.htm
RCL,https://www.sec.gov/Archives/edgar/data/884887/000088488718000079/rcl-6302018x10q.htm
CRM,https://www.sec.gov/Archives/edgar/data/1108524/000110852418000057/crmq2fy1910-q.htm
SBAC,https://www.sec.gov/Archives/edgar/data/1034054/000103405418000016/sbac-20180630x10q.htm
SCG,https://www.sec.gov/Archives/edgar/data/91882/000075473718000228/a2018630-10q.htm
SLB,https://www.sec.gov/Archives/edgar/data/87347/000156459018017379/slb-10q_20180630.htm
SEE,https://www.sec.gov/Archives/edgar/data/1012100/000162828018010542/q2201810-qdocument.htm
SRE,https://www.sec.gov/ix?doc=/Archives/edgar/data/86521/000008652118000059/sre20180630form10q.htm
SHW,https://www.sec.gov/Archives/edgar/data/89800/000008980018000014/shw-2018630_10q.htm
SPG,https://www.sec.gov/Archives/edgar/data/1022344/000155837018006144/spg-20180630x10q.htm
SWKS,https://www.sec.gov/Archives/edgar/data/4127/000000412718000032/q31810qjune292018.htm
SLG,https://www.sec.gov/Archives/edgar/data/1040971/000104097118000020/a18q2slg10qdoc.htm
SNA,https://www.sec.gov/Archives/edgar/data/91440/000009144018000008/sna_q2fy18x10-qdocument.htm
SO,https://www.sec.gov/Archives/edgar/data/3153/000009212218000050/so_10qx6302018.htm
LUV,https://www.sec.gov/Archives/edgar/data/92380/000009238018000110/luv-6302018x10q.htm
SPGI,https://www.sec.gov/Archives/edgar/data/64040/000006404018000162/spgi-2018630x10q.htm
SWK,https://www.sec.gov/Archives/edgar/data/93556/000009355618000028/swk-q22018.htm
SBUX,https://www.sec.gov/Archives/edgar/data/829224/000082922418000037/sbux-07012018x10xq.htm
STT,https://www.sec.gov/Archives/edgar/data/93751/000009375118000439/stt-2018630_10q.htm
SRCL,https://www.sec.gov/Archives/edgar/data/861878/000156459018018934/srcl-10q_20180630.htm
SYK,https://www.sec.gov/Archives/edgar/data/310764/000031076418000185/syk10q63018.htm
STI,https://www.sec.gov/Archives/edgar/data/750556/000075055618000186/a63018stiform10-qxreport.htm
SIVB,https://www.sec.gov/Archives/edgar/data/719739/000071973918000038/sivb-6302018x10q.htm
SYF,https://www.sec.gov/Archives/edgar/data/1601712/000160171218000209/synchrony630201810q.htm
SNPS,https://www.sec.gov/Archives/edgar/data/883241/000088324118000008/a073118snps10-q.htm
TROW,https://www.sec.gov/Archives/edgar/data/1113169/000111316918000018/a10q-q22018.htm
TTWO,https://www.sec.gov/Archives/edgar/data/946581/000162828018010376/ttwo10q06302018.htm
TGT,https://www.sec.gov/Archives/edgar/data/27419/000002741918000027/tgt-20180804x10xq.htm
TEL,https://www.sec.gov/Archives/edgar/data/1385157/000104746918005195/a2236279z10-q.htm
FTI,https://www.sec.gov/Archives/edgar/data/1681459/000168145918000092/technipfmc2018630-10q.htm
TXN,https://www.sec.gov/Archives/edgar/data/97476/000156459018018753/txn-10q_20180630.htm
TXT,https://www.sec.gov/Archives/edgar/data/217346/000110465918047226/a18-14040_110q.htm
TIF,https://www.sec.gov/Archives/edgar/data/98246/000009824618000275/tif-2018731x10q.htm
TWTR,https://www.sec.gov/Archives/edgar/data/1418091/000156459018017905/twtr-10q_20180630.htm
TJX,https://www.sec.gov/Archives/edgar/data/109198/000162828018011568/tjx-10qx20180804.htm
TMK,https://www.sec.gov/Archives/edgar/data/320335/000032033518000033/tmk201810-qq2document.htm
TSS,https://www.sec.gov/Archives/edgar/data/721683/000155837018006540/tss-20180630x10q.htm
TSCO,https://www.sec.gov/Archives/edgar/data/916365/000091636518000093/q2201810q.htm
TDG,https://www.sec.gov/Archives/edgar/data/1260221/000126022118000051/tdg2018q310-q.htm
TRV,https://www.sec.gov/Archives/edgar/data/86312/000008631218000024/trv-6302018x10q.htm
TRIP,https://www.sec.gov/Archives/edgar/data/1526520/000156459018018438/trip-10q_20180630.htm
TSN,https://www.sec.gov/Archives/edgar/data/100493/000010049318000092/tsn2018q310q.htm
UDR,https://www.sec.gov/Archives/edgar/data/74208/000007420818000064/c208-20180630x10q.htm
ULTA,https://www.sec.gov/Archives/edgar/data/1403568/000155837018007310/ulta-20180804x10q.htm
UAA,https://www.sec.gov/Archives/edgar/data/1336917/000133691718000040/ua-06302018x10q1.htm
UA,https://www.sec.gov/Archives/edgar/data/1336917/000133691718000040/ua-06302018x10q1.htm
UNP,https://www.sec.gov/Archives/edgar/data/100885/000010088518000184/unp-20180630x10q.htm
UNH,https://www.sec.gov/Archives/edgar/data/731766/000073176618000030/unh201863010-q.htm
UPS,https://www.sec.gov/Archives/edgar/data/1090727/000109072718000032/ups-06302018x10q.htm
URI,https://www.sec.gov/Archives/edgar/data/1047166/000106770118000024/uri-6302018x10q.htm
UTX,https://www.sec.gov/Archives/edgar/data/101829/000010182918000027/a2018-06x3010xq.htm
UHS,https://www.sec.gov/Archives/edgar/data/352915/000156459018020489/uhs-10q_20180630.htm
UNM,https://www.sec.gov/Archives/edgar/data/5513/000000551318000073/unm06302018-10xq.htm
VFC,https://www.sec.gov/Archives/edgar/data/103379/000010337918000009/vfcq1201910-q.htm
VLO,https://www.sec.gov/Archives/edgar/data/1035002/000103500218000041/vloform10-qx6302018.htm
VAR,https://www.sec.gov/Archives/edgar/data/203527/000162828018010705/var10qq32018.htm
VTR,https://www.sec.gov/ix?doc=/Archives/edgar/data/740260/000074026018000145/vtr6302018-10q.htm
VRSN,https://www.sec.gov/Archives/edgar/data/1014473/000101447318000036/vrsn-2018630x10q.htm
VRSK,https://www.sec.gov/Archives/edgar/data/1442145/000144214518000036/vrsk-201863010q.htm
VRTX,https://www.sec.gov/Archives/edgar/data/875320/000087532018000022/a2018q210-q.htm
VIAB,https://www.sec.gov/Archives/edgar/data/1339947/000133994718000033/via-20180630x10q.htm
V,https://www.sec.gov/Archives/edgar/data/1403161/000140316118000034/v63018form10q.htm
VNO,https://www.sec.gov/Archives/edgar/data/899689/000089968918000049/vno-063018x10q.htm
VMC,https://www.sec.gov/Archives/edgar/data/1396009/000139600918000036/vmc-20180630x10q.htm
WMT,https://www.sec.gov/Archives/edgar/data/104169/000010416918000086/wmtform10-qx7312018.htm
WBA,https://www.sec.gov/Archives/edgar/data/1618921/000161892118000033/wba-2018531x10q.htm
DIS,https://www.sec.gov/Archives/edgar/data/1001039/000100103918000134/fy2018_q3x10qxdoc.htm
WM,https://www.sec.gov/Archives/edgar/data/823768/000155837018005703/wm-20180630x10q.htm
WAT,https://www.sec.gov/Archives/edgar/data/1000697/000119312518237475/d514483d10q.htm
WEC,https://www.sec.gov/Archives/edgar/data/783325/000010781518000243/a2018q2wec10q.htm
WELL,https://www.sec.gov/Archives/edgar/data/766704/000076670418000040/a2q1810-q.htm
WDC,https://www.sec.gov/Archives/edgar/data/106040/000010604018000016/wdc-2018q310xqxdoc.htm
WU,https://www.sec.gov/Archives/edgar/data/1365135/000136513518000033/wu-6302018x10q.htm
WRK,https://www.sec.gov/Archives/edgar/data/1636023/000156459018019008/wrk-10q_20180630.htm
WY,https://www.sec.gov/Archives/edgar/data/106535/000010653518000052/wy630201810q.htm
WHR,https://www.sec.gov/Archives/edgar/data/106640/000010664018000061/whr630201810-q.htm
WMB,https://www.sec.gov/Archives/edgar/data/107263/000010726318000024/wmb_20180630x10q.htm
WLTW,https://www.sec.gov/Archives/edgar/data/1140536/000114053618000019/wltw-20180630_10q.htm
WYNN,https://www.sec.gov/Archives/edgar/data/1174922/000117492218000160/wrl-20180630x10q.htm
XEL,https://www.sec.gov/Archives/edgar/data/72903/000007290318000042/xcel06301810-q.htm
XRX,https://www.sec.gov/Archives/edgar/data/108772/000010877218000039/xrx-63018x10q.htm
XLNX,https://www.sec.gov/Archives/edgar/data/743988/000074398818000038/xlnx0630201810q.htm
XYL,https://www.sec.gov/ix?doc=/Archives/edgar/data/1524472/000152447218000035/xyl0630201810-q.htm
YUM,https://www.sec.gov/ix?doc=/Archives/edgar/data/1041061/000104106118000040/yum-6302018x10q.htm
ZBH,https://www.sec.gov/Archives/edgar/data/1136869/000156459018019495/zbh-10q_20180630.htm
ZION,https://www.sec.gov/Archives/edgar/data/109380/000010938018000235/zion-20180630x10xq.htm
ZTS,https://www.sec.gov/Archives/edgar/data/1555280/000155528018000226/a2018q2form10-q.htm
ACN,https://www.sec.gov/Archives/edgar/data/1467373/000146737318000228/acn2018053110-q.htm
ATVI,https://www.sec.gov/Archives/edgar/data/718877/000110465918049238/a18-14094_110q.htm
ADBE,https://www.sec.gov/Archives/edgar/data/796343/000079634318000134/adbe10qq218.htm
AMD,https://www.sec.gov/Archives/edgar/data/2488/000000248818000128/amd0630201810q.htm
MMM,https://www.sec.gov/Archives/edgar/data/66740/000155837018005773/mmm-20180630x10q.htm
ABT,https://www.sec.gov/Archives/edgar/data/1800/000110465918048736/a18-14086_110q.htm
ABBV,https://www.sec.gov/Archives/edgar/data/1551152/000155115218000032/abbv-20180630x10q.htm
ABMD,https://www.sec.gov/Archives/edgar/data/815094/000156459018018814/abmd-10q_20180630.htm
ACN,https://www.sec.gov/Archives/edgar/data/1467373/000146737318000228/acn2018053110-q.htm
ATVI,https://www.sec.gov/Archives/edgar/data/718877/000110465918049238/a18-14094_110q.htm
ADBE,https://www.sec.gov/Archives/edgar/data/796343/000079634318000134/adbe10qq218.htm
AMD,https://www.sec.gov/Archives/edgar/data/2488/000000248818000128/amd0630201810q.htm
AAP,https://www.sec.gov/Archives/edgar/data/1158449/000115844918000160/aap_10q7142018.htm
AES,https://www.sec.gov/Archives/edgar/data/874761/000087476118000054/q22018form10-q.htm
AET,https://www.sec.gov/Archives/edgar/data/1122304/000112230418000122/form10-q.htm
